Bengaluru, Karnataka, India
San Diego, California, United States
Paris, Île-de-France, France
Mumbai, Maharashtra, India
Udaipur, Rajasthan, India
Hyderabad, Telangana, India
Greater Munich Metropolitan Area,,
Kolkata, West Bengal, India
Bengaluru, Karnataka, India
Greater Seattle Area,,
Madison, Wisconsin, United States
Kirkland, Washington, United States
Austin, Texas Metropolitan Area,
Chennai, Tamil Nadu, India
Éibar, Basque Country, Spain
Canada,,
Bures-sur-Yvette, Île-de-France, France
Greater Exeter Area,,
Greater Toronto Area, Canada,
Kochi, Kerala, India
Tallahassee, Florida, United States
Uttarakhand, India,
Ireland,,
Bangalore Urban, Karnataka, India
Orissa, India,
Patna, Bihar, India
Singapore,,
South Korea,,
Greater Hyderabad Area,,
Indonesia,,
Bangalore Urban, Karnataka, India
Chennai, Tamil Nadu, India
Chennai, Tamil Nadu, India
Singapore,,
Greater Barcelona Metropolitan Area,,
Vietnam,,
Bangalore Urban, Karnataka, India
Haarlem, North Holland, Netherlands
Phra Nakhon Si Ayutthaya, Thailand,
Nizhniy Novgorod, Russia,
Campina Grande, Paraiba, Brazil
Greater Chicago Area,,
Delhi, India,
Ahmedabad, Gujarat, India
South Korea,,
Orlando, Florida, United States
South Delhi, Delhi, India
